algorithm,scheme,sample_index,latency_ms
Add,upgrade,1,0.886741
Add,upgrade,2,1.105909
Add,upgrade,3,1.01779
Add,upgrade,4,0.92787
Add,upgrade,5,0.812806
Add,upgrade,6,1.037538
Add,upgrade,7,0.837058
Add,upgrade,8,1.338206
Add,upgrade,9,1.553538
Add,upgrade,10,1.089999
Add,upgrade,11,1.008398
Add,upgrade,12,0.862452
Add,upgrade,13,0.947371
Add,upgrade,14,0.845939
Add,upgrade,15,0.947241
Add,upgrade,16,0.959776
Add,upgrade,17,0.777159
Add,upgrade,18,0.868496
Add,upgrade,19,0.984749
Add,upgrade,20,0.89887
Add,upgrade,21,0.973931
Add,upgrade,22,1.955639
Add,upgrade,23,2.171881
Add,upgrade,24,1.77996
Add,upgrade,25,1.114676
Add,upgrade,26,1.017276
Add,upgrade,27,0.961148
Add,upgrade,28,1.062656
Add,upgrade,29,1.253149
Add,upgrade,30,1.045589
Add,upgrade,31,1.073726
Add,upgrade,32,1.233532
Add,upgrade,33,0.906695
Add,upgrade,34,1.107657
Add,upgrade,35,0.834937
Add,upgrade,36,1.103048
Add,upgrade,37,0.958443
Add,upgrade,38,0.95451
Add,upgrade,39,0.888145
Add,upgrade,40,1.03628
Add,upgrade,41,0.952884
Add,upgrade,42,1.095433
Add,upgrade,43,1.052412
Add,upgrade,44,1.139171
Add,upgrade,45,1.103144
Add,upgrade,46,0.971307
Add,upgrade,47,0.921296
Add,upgrade,48,1.046246
Add,upgrade,49,0.951289
Add,upgrade,50,0.91502
Add,upgrade,51,0.845097
Add,upgrade,52,0.973732
Add,upgrade,53,0.886436
Add,upgrade,54,0.894902
Add,upgrade,55,0.926467
Add,upgrade,56,0.920776
Add,upgrade,57,0.869534
Add,upgrade,58,1.098831
Add,upgrade,59,1.393169
Add,upgrade,60,1.367011
Add,upgrade,61,1.290875
Add,upgrade,62,1.092027
Add,upgrade,63,1.125511
Add,upgrade,64,1.113338
Add,upgrade,65,1.025476
Add,upgrade,66,1.079589
Add,upgrade,67,1.048164
Add,upgrade,68,0.997738
Add,upgrade,69,1.003047
Add,upgrade,70,0.988561
Add,upgrade,71,1.135128
Add,upgrade,72,0.896867
Add,upgrade,73,1.309971
Add,upgrade,74,1.596908
Add,upgrade,75,1.588661
Add,upgrade,76,1.221113
Add,upgrade,77,1.301356
Add,upgrade,78,1.136391
Add,upgrade,79,1.113228
Add,upgrade,80,1.085935
Add,upgrade,81,1.048003
Add,upgrade,82,0.971562
Add,upgrade,83,1.108129
Add,upgrade,84,1.31984
Add,upgrade,85,0.994722
Add,upgrade,86,1.09921
Add,upgrade,87,0.892608
Add,upgrade,88,1.23561
Add,upgrade,89,1.189192
Add,upgrade,90,1.069795
Add,upgrade,91,1.094031
Add,upgrade,92,1.125712
Add,upgrade,93,1.070386
Add,upgrade,94,1.002301
Add,upgrade,95,1.372267
Add,upgrade,96,1.049025
Add,upgrade,97,0.949837
Add,upgrade,98,0.90934
Add,upgrade,99,1.025762
Add,upgrade,100,0.942292
Add,contract,1,0.90103
Add,contract,2,0.862812
Add,contract,3,0.966513
Add,contract,4,0.861719
Add,contract,5,1.100824
Add,contract,6,0.878377
Add,contract,7,0.752856
Add,contract,8,0.811399
Add,contract,9,0.84642
Add,contract,10,0.920775
Add,contract,11,0.880565
Add,contract,12,0.900979
Add,contract,13,0.990855
Add,contract,14,1.137558
Add,contract,15,1.040285
Add,contract,16,0.836661
Add,contract,17,0.779793
Add,contract,18,0.85452
Add,contract,19,0.849331
Add,contract,20,0.745543
Add,contract,21,0.79934
Add,contract,22,0.817591
Add,contract,23,0.985364
Add,contract,24,1.03077
Add,contract,25,0.846401
Add,contract,26,0.803178
Add,contract,27,0.923481
Add,contract,28,0.744792
Add,contract,29,0.810983
Add,contract,30,0.771272
Add,contract,31,0.745869
Add,contract,32,0.837759
Add,contract,33,0.800818
Add,contract,34,0.822981
Add,contract,35,0.752286
Add,contract,36,0.738645
Add,contract,37,1.011874
Add,contract,38,0.930787
Add,contract,39,0.850131
Add,contract,40,0.819383
Add,contract,41,1.027864
Add,contract,42,0.886537
Add,contract,43,0.84641
Add,contract,44,0.761749
Add,contract,45,0.831321
Add,contract,46,0.862881
Add,contract,47,0.933209
Add,contract,48,0.78868
Add,contract,49,0.754331
Add,contract,50,0.810822
Add,contract,51,0.859464
Add,contract,52,0.796365
Add,contract,53,0.787097
Add,contract,54,0.834127
Add,contract,55,0.755598
Add,contract,56,0.839036
Add,contract,57,0.826366
Add,contract,58,0.799526
Add,contract,59,0.839026
Add,contract,60,0.862911
Add,contract,61,0.856559
Add,contract,62,0.795062
Add,contract,63,0.863617
Add,contract,64,0.802483
Add,contract,65,0.723496
Add,contract,66,0.861914
Add,contract,67,0.797202
Add,contract,68,0.768231
Add,contract,69,0.811083
Add,contract,70,0.771387
Add,contract,71,0.929699
Add,contract,72,0.76743
Add,contract,73,0.673445
Add,contract,74,0.810101
Add,contract,75,0.840373
Add,contract,76,1.027025
Add,contract,77,0.962721
Add,contract,78,0.945459
Add,contract,79,1.607709
Add,contract,80,1.056089
Add,contract,81,0.89878
Add,contract,82,1.100984
Add,contract,83,0.896575
Add,contract,84,0.849686
Add,contract,85,0.841676
Add,contract,86,0.93296
Add,contract,87,0.828651
Add,contract,88,1.058099
Add,contract,89,0.943214
Add,contract,90,0.842803
Add,contract,91,0.897577
Add,contract,92,0.90428
Add,contract,93,1.094698
Add,contract,94,1.04851
Add,contract,95,0.983591
Add,contract,96,1.008113
Add,contract,97,1.017481
Add,contract,98,0.974755
Add,contract,99,0.813066
Add,contract,100,0.922555
Add,precompile,1,0.958463
Add,precompile,2,0.850248
Add,precompile,3,0.876988
Add,precompile,4,0.875245
Add,precompile,5,0.932565
Add,precompile,6,0.879331
Add,precompile,7,0.935369
Add,precompile,8,0.939352
Add,precompile,9,0.851776
Add,precompile,10,0.989873
Add,precompile,11,0.892066
Add,precompile,12,0.874173
Add,precompile,13,0.840665
Add,precompile,14,0.976052
Add,precompile,15,0.82284
Add,precompile,16,0.955193
Add,precompile,17,0.861919
Add,precompile,18,0.882593
Add,precompile,19,0.899531
Add,precompile,20,0.905007
Add,precompile,21,1.335922
Add,precompile,22,1.395398
Add,precompile,23,0.926497
Add,precompile,24,0.915857
Add,precompile,25,0.808013
Add,precompile,26,0.805533
Add,precompile,27,1.04596
Add,precompile,28,0.78335
Add,precompile,29,0.831662
Add,precompile,30,0.823331
Add,precompile,31,0.927073
Add,precompile,32,0.883871
Add,precompile,33,0.812766
Add,precompile,34,0.886075
Add,precompile,35,0.799136
Add,precompile,36,0.871828
Add,precompile,37,0.881982
Add,precompile,38,1.05659
Add,precompile,39,0.847653
Add,precompile,40,0.919845
Add,precompile,41,0.961298
Add,precompile,42,0.844346
Add,precompile,43,0.828275
Add,precompile,44,0.868752
Add,precompile,45,0.966739
Add,precompile,46,0.837664
Add,precompile,47,0.763983
Add,precompile,48,0.992858
Add,precompile,49,0.854967
Add,precompile,50,0.944807
Add,precompile,51,0.901585
Add,precompile,52,0.800653
Add,precompile,53,0.905045
Add,precompile,54,0.772385
Add,precompile,55,0.791911
Add,precompile,56,0.727032
Add,precompile,57,0.819554
Add,precompile,58,0.74663
Add,precompile,59,0.828085
Add,precompile,60,0.903248
Add,precompile,61,0.785323
Add,precompile,62,0.879443
Add,precompile,63,0.869414
Add,precompile,64,0.797416
Add,precompile,65,0.737062
Add,precompile,66,0.74657
Add,precompile,67,0.754139
Add,precompile,68,0.944482
Add,precompile,69,0.881376
Add,precompile,70,0.886467
Add,precompile,71,0.827999
Add,precompile,72,1.366795
Add,precompile,73,0.922605
Add,precompile,74,0.791696
Add,precompile,75,0.770525
Add,precompile,76,0.734597
Add,precompile,77,0.745979
Add,precompile,78,1.069629
Add,precompile,79,0.918737
Add,precompile,80,0.85926
Add,precompile,81,0.971147
Add,precompile,82,0.963213
Add,precompile,83,0.826082
Add,precompile,84,0.801023
Add,precompile,85,0.874033
Add,precompile,86,0.847717
Add,precompile,87,0.954
Add,precompile,88,0.81483
Add,precompile,89,0.818691
Add,precompile,90,0.90926
Add,precompile,91,0.813086
Add,precompile,92,0.902602
Add,precompile,93,0.892873
Add,precompile,94,0.941601
Add,precompile,95,0.861414
Add,precompile,96,0.968723
Add,precompile,97,0.884687
Add,precompile,98,0.847513
Add,precompile,99,0.820616
Add,precompile,100,0.863863
Sha256,upgrade,1,1.191891
Sha256,upgrade,2,1.065753
Sha256,upgrade,3,0.992588
Sha256,upgrade,4,0.985218
Sha256,upgrade,5,0.962878
Sha256,upgrade,6,0.912118
Sha256,upgrade,7,0.963332
Sha256,upgrade,8,0.829128
Sha256,upgrade,9,0.944993
Sha256,upgrade,10,0.82552
Sha256,upgrade,11,0.781717
Sha256,upgrade,12,0.82814
Sha256,upgrade,13,0.908013
Sha256,upgrade,14,0.955401
Sha256,upgrade,15,1.042168
Sha256,upgrade,16,0.929018
Sha256,upgrade,17,0.916523
Sha256,upgrade,18,0.945619
Sha256,upgrade,19,0.983274
Sha256,upgrade,20,1.165507
Sha256,upgrade,21,1.090785
Sha256,upgrade,22,1.066298
Sha256,upgrade,23,0.930106
Sha256,upgrade,24,0.852592
Sha256,upgrade,25,0.950153
Sha256,upgrade,26,1.006109
Sha256,upgrade,27,0.968091
Sha256,upgrade,28,0.86722
Sha256,upgrade,29,0.840272
Sha256,upgrade,30,1.555184
Sha256,upgrade,31,1.073051
Sha256,upgrade,32,0.971722
Sha256,upgrade,33,1.131483
Sha256,upgrade,34,1.107111
Sha256,upgrade,35,1.589544
Sha256,upgrade,36,1.481619
Sha256,upgrade,37,1.042693
Sha256,upgrade,38,1.225852
Sha256,upgrade,39,1.102928
Sha256,upgrade,40,0.951811
Sha256,upgrade,41,0.917766
Sha256,upgrade,42,0.961763
Sha256,upgrade,43,0.8829
Sha256,upgrade,44,0.942152
Sha256,upgrade,45,0.871022
Sha256,upgrade,46,0.945398
Sha256,upgrade,47,0.773451
Sha256,upgrade,48,0.961369
Sha256,upgrade,49,0.986617
Sha256,upgrade,50,0.902988
Sha256,upgrade,51,1.18818
Sha256,upgrade,52,1.165216
Sha256,upgrade,53,1.152466
Sha256,upgrade,54,0.835795
Sha256,upgrade,55,0.929553
Sha256,upgrade,56,0.890208
Sha256,upgrade,57,0.737322
Sha256,upgrade,58,0.907196
Sha256,upgrade,59,0.862525
Sha256,upgrade,60,0.904741
Sha256,upgrade,61,1.014606
Sha256,upgrade,62,1.097928
Sha256,upgrade,63,1.166338
Sha256,upgrade,64,0.812325
Sha256,upgrade,65,0.947352
Sha256,upgrade,66,0.793699
Sha256,upgrade,67,0.839731
Sha256,upgrade,68,0.716889
Sha256,upgrade,69,0.917485
Sha256,upgrade,70,1.140804
Sha256,upgrade,71,1.301341
Sha256,upgrade,72,1.162321
Sha256,upgrade,73,1.074894
Sha256,upgrade,74,0.981767
Sha256,upgrade,75,0.854415
Sha256,upgrade,76,0.763161
Sha256,upgrade,77,1.009104
Sha256,upgrade,78,1.099903
Sha256,upgrade,79,1.2481
Sha256,upgrade,80,0.949337
Sha256,upgrade,81,1.315126
Sha256,upgrade,82,0.915712
Sha256,upgrade,83,1.061575
Sha256,upgrade,84,1.039898
Sha256,upgrade,85,0.972851
Sha256,upgrade,86,1.050919
Sha256,upgrade,87,1.024107
Sha256,upgrade,88,1.119771
Sha256,upgrade,89,1.162501
Sha256,upgrade,90,0.91263
Sha256,upgrade,91,1.040616
Sha256,upgrade,92,0.99652
Sha256,upgrade,93,1.043401
Sha256,upgrade,94,1.120301
Sha256,upgrade,95,0.958573
Sha256,upgrade,96,1.159946
Sha256,upgrade,97,1.035745
Sha256,upgrade,98,0.863713
Sha256,upgrade,99,0.951289
Sha256,upgrade,100,0.920341
Sha256,contract,1,0.867695
Sha256,contract,2,0.829188
Sha256,contract,3,0.794671
Sha256,contract,4,0.752075
Sha256,contract,5,0.791696
Sha256,contract,6,0.763041
Sha256,contract,7,0.939127
Sha256,contract,8,0.784839
Sha256,contract,9,0.738489
Sha256,contract,10,0.775882
Sha256,contract,11,0.682277
Sha256,contract,12,0.696365
Sha256,contract,13,0.703338
Sha256,contract,14,0.815345
Sha256,contract,15,0.843885
Sha256,contract,16,0.790349
Sha256,contract,17,0.870706
Sha256,contract,18,0.880926
Sha256,contract,19,1.078772
Sha256,contract,20,0.933917
Sha256,contract,21,0.817585
Sha256,contract,22,0.896256
Sha256,contract,23,0.809864
Sha256,contract,24,0.734283
Sha256,contract,25,0.748594
Sha256,contract,26,0.771898
Sha256,contract,27,0.931431
Sha256,contract,28,0.870988
Sha256,contract,29,0.754796
Sha256,contract,30,0.750007
Sha256,contract,31,0.781446
Sha256,contract,32,0.859345
Sha256,contract,33,0.774412
Sha256,contract,34,0.819023
Sha256,contract,35,0.917666
Sha256,contract,36,1.139293
Sha256,contract,37,1.103058
Sha256,contract,38,1.009991
Sha256,contract,39,0.905146
Sha256,contract,40,0.918527
Sha256,contract,41,0.879138
Sha256,contract,42,0.78122
Sha256,contract,43,0.798459
Sha256,contract,44,0.946781
Sha256,contract,45,0.844252
Sha256,contract,46,0.848204
Sha256,contract,47,0.792868
Sha256,contract,48,0.834568
Sha256,contract,49,0.805963
Sha256,contract,50,0.790575
Sha256,contract,51,0.730183
Sha256,contract,52,0.736772
Sha256,contract,53,0.75907
Sha256,contract,54,0.847201
Sha256,contract,55,1.307381
Sha256,contract,56,1.013403
Sha256,contract,57,0.847056
Sha256,contract,58,0.933361
Sha256,contract,59,0.726676
Sha256,contract,60,0.841717
Sha256,contract,61,0.775495
Sha256,contract,62,0.820881
Sha256,contract,63,1.326057
Sha256,contract,64,0.85706
Sha256,contract,65,0.796324
Sha256,contract,66,0.777395
Sha256,contract,67,0.816608
Sha256,contract,68,0.926592
Sha256,contract,69,0.850739
Sha256,contract,70,0.740755
Sha256,contract,71,0.788084
Sha256,contract,72,0.889763
Sha256,contract,73,0.962266
Sha256,contract,74,1.519369
Sha256,contract,75,1.40152
Sha256,contract,76,1.11151
Sha256,contract,77,0.95646
Sha256,contract,78,1.027425
Sha256,contract,79,1.119969
Sha256,contract,80,0.842487
Sha256,contract,81,0.847277
Sha256,contract,82,0.917165
Sha256,contract,83,0.875335
Sha256,contract,84,0.875595
Sha256,contract,85,0.840434
Sha256,contract,86,0.815261
Sha256,contract,87,0.752718
Sha256,contract,88,0.844466
Sha256,contract,89,0.795683
Sha256,contract,90,0.848269
Sha256,contract,91,0.823406
Sha256,contract,92,0.802657
Sha256,contract,93,0.773196
Sha256,contract,94,1.009962
Sha256,contract,95,0.780904
Sha256,contract,96,0.839237
Sha256,contract,97,0.764395
Sha256,contract,98,0.839716
Sha256,contract,99,0.817566
Sha256,contract,100,0.873722
Sha256,precompile,1,0.841215
Sha256,precompile,2,0.856806
Sha256,precompile,3,0.806344
Sha256,precompile,4,1.66172
Sha256,precompile,5,1.47494
Sha256,precompile,6,0.844797
Sha256,precompile,7,0.900218
Sha256,precompile,8,1.000623
Sha256,precompile,9,0.913668
Sha256,precompile,10,0.905452
Sha256,precompile,11,0.979634
Sha256,precompile,12,0.74711
Sha256,precompile,13,0.815575
Sha256,precompile,14,0.787298
Sha256,precompile,15,0.831647
Sha256,precompile,16,0.770616
Sha256,precompile,17,0.816925
Sha256,precompile,18,0.804119
Sha256,precompile,19,0.821143
Sha256,precompile,20,0.724578
Sha256,precompile,21,0.823646
Sha256,precompile,22,0.782629
Sha256,precompile,23,0.841711
Sha256,precompile,24,1.017045
Sha256,precompile,25,0.906734
Sha256,precompile,26,0.882008
Sha256,precompile,27,0.949105
Sha256,precompile,28,0.885554
Sha256,precompile,29,0.972039
Sha256,precompile,30,0.835383
Sha256,precompile,31,0.892318
Sha256,precompile,32,1.057697
Sha256,precompile,33,0.934182
Sha256,precompile,34,0.836066
Sha256,precompile,35,0.884664
Sha256,precompile,36,0.796675
Sha256,precompile,37,0.873421
Sha256,precompile,38,0.811845
Sha256,precompile,39,0.813251
Sha256,precompile,40,0.780029
Sha256,precompile,41,0.784212
Sha256,precompile,42,0.823
Sha256,precompile,43,0.792252
Sha256,precompile,44,0.950508
Sha256,precompile,45,0.829438
Sha256,precompile,46,0.96197
Sha256,precompile,47,0.939602
Sha256,precompile,48,0.815077
Sha256,precompile,49,0.85467
Sha256,precompile,50,0.904711
Sha256,precompile,51,1.238111
Sha256,precompile,52,0.911103
Sha256,precompile,53,0.819764
Sha256,precompile,54,0.798765
Sha256,precompile,55,0.895808
Sha256,precompile,56,0.868147
Sha256,precompile,57,0.835318
Sha256,precompile,58,0.807862
Sha256,precompile,59,0.807582
Sha256,precompile,60,0.832483
Sha256,precompile,61,0.895284
Sha256,precompile,62,0.977248
Sha256,precompile,63,0.837207
Sha256,precompile,64,1.05851
Sha256,precompile,65,1.263243
Sha256,precompile,66,1.262551
Sha256,precompile,67,1.300114
Sha256,precompile,68,1.302852
Sha256,precompile,69,1.031167
Sha256,precompile,70,1.28818
Sha256,precompile,71,1.200334
Sha256,precompile,72,1.101821
Sha256,precompile,73,2.611944
Sha256,precompile,74,1.941072
Sha256,precompile,75,1.111969
Sha256,precompile,76,1.610364
Sha256,precompile,77,1.507847
Sha256,precompile,78,1.386243
Sha256,precompile,79,1.017436
Sha256,precompile,80,1.045339
Sha256,precompile,81,0.898337
Sha256,precompile,82,1.000824
Sha256,precompile,83,0.858493
Sha256,precompile,84,0.954576
Sha256,precompile,85,0.804149
Sha256,precompile,86,0.924108
Sha256,precompile,87,0.974353
Sha256,precompile,88,0.9226
Sha256,precompile,89,0.912331
Sha256,precompile,90,0.794135
Sha256,precompile,91,1.02525
Sha256,precompile,92,0.886101
Sha256,precompile,93,0.777619
Sha256,precompile,94,1.010727
Sha256,precompile,95,1.167772
Sha256,precompile,96,1.03816
Sha256,precompile,97,0.843128
Sha256,precompile,98,0.984328
Sha256,precompile,99,1.013839
Sha256,precompile,100,1.039256
Blake2bSum256,upgrade,1,1.172555
Blake2bSum256,upgrade,2,1.190711
Blake2bSum256,upgrade,3,1.02588
Blake2bSum256,upgrade,4,0.922866
Blake2bSum256,upgrade,5,0.900533
Blake2bSum256,upgrade,6,0.84682
Blake2bSum256,upgrade,7,1.495936
Blake2bSum256,upgrade,8,1.230912
Blake2bSum256,upgrade,9,0.947046
Blake2bSum256,upgrade,10,0.88596
Blake2bSum256,upgrade,11,0.808358
Blake2bSum256,upgrade,12,0.817705
Blake2bSum256,upgrade,13,0.991185
Blake2bSum256,upgrade,14,1.146941
Blake2bSum256,upgrade,15,1.019444
Blake2bSum256,upgrade,16,1.07459
Blake2bSum256,upgrade,17,0.939581
Blake2bSum256,upgrade,18,0.923917
Blake2bSum256,upgrade,19,0.905278
Blake2bSum256,upgrade,20,0.962255
Blake2bSum256,upgrade,21,1.046366
Blake2bSum256,upgrade,22,0.972024
Blake2bSum256,upgrade,23,1.083606
Blake2bSum256,upgrade,24,0.996305
Blake2bSum256,upgrade,25,1.128346
Blake2bSum256,upgrade,26,1.026604
Blake2bSum256,upgrade,27,0.861508
Blake2bSum256,upgrade,28,0.944596
Blake2bSum256,upgrade,29,1.048935
Blake2bSum256,upgrade,30,1.003262
Blake2bSum256,upgrade,31,1.185711
Blake2bSum256,upgrade,32,1.07564
Blake2bSum256,upgrade,33,1.347058
Blake2bSum256,upgrade,34,1.397528
Blake2bSum256,upgrade,35,1.107658
Blake2bSum256,upgrade,36,1.026808
Blake2bSum256,upgrade,37,0.97269
Blake2bSum256,upgrade,38,1.063348
Blake2bSum256,upgrade,39,1.165081
Blake2bSum256,upgrade,40,0.969079
Blake2bSum256,upgrade,41,0.957071
Blake2bSum256,upgrade,42,0.920695
Blake2bSum256,upgrade,43,0.921688
Blake2bSum256,upgrade,44,1.077895
Blake2bSum256,upgrade,45,1.057512
Blake2bSum256,upgrade,46,0.895914
Blake2bSum256,upgrade,47,0.969093
Blake2bSum256,upgrade,48,1.112943
Blake2bSum256,upgrade,49,1.100032
Blake2bSum256,upgrade,50,1.023386
Blake2bSum256,upgrade,51,0.979353
Blake2bSum256,upgrade,52,1.182193
Blake2bSum256,upgrade,53,1.117966
Blake2bSum256,upgrade,54,0.908338
Blake2bSum256,upgrade,55,1.112432
Blake2bSum256,upgrade,56,1.055837
Blake2bSum256,upgrade,57,0.97316
Blake2bSum256,upgrade,58,0.96239
Blake2bSum256,upgrade,59,1.008669
Blake2bSum256,upgrade,60,0.945558
Blake2bSum256,upgrade,61,0.983791
Blake2bSum256,upgrade,62,1.119389
Blake2bSum256,upgrade,63,1.134091
Blake2bSum256,upgrade,64,1.150163
Blake2bSum256,upgrade,65,0.954807
Blake2bSum256,upgrade,66,1.057816
Blake2bSum256,upgrade,67,1.607357
Blake2bSum256,upgrade,68,1.330968
Blake2bSum256,upgrade,69,1.131843
Blake2bSum256,upgrade,70,1.028311
Blake2bSum256,upgrade,71,1.061164
Blake2bSum256,upgrade,72,1.034692
Blake2bSum256,upgrade,73,0.955422
Blake2bSum256,upgrade,74,1.094933
Blake2bSum256,upgrade,75,0.984763
Blake2bSum256,upgrade,76,0.977039
Blake2bSum256,upgrade,77,1.102147
Blake2bSum256,upgrade,78,1.072139
Blake2bSum256,upgrade,79,0.919969
Blake2bSum256,upgrade,80,0.969744
Blake2bSum256,upgrade,81,0.927324
Blake2bSum256,upgrade,82,0.932183
Blake2bSum256,upgrade,83,0.977428
Blake2bSum256,upgrade,84,0.898459
Blake2bSum256,upgrade,85,0.977048
Blake2bSum256,upgrade,86,0.993484
Blake2bSum256,upgrade,87,0.971064
Blake2bSum256,upgrade,88,1.080839
Blake2bSum256,upgrade,89,1.027712
Blake2bSum256,upgrade,90,1.125595
Blake2bSum256,upgrade,91,1.076493
Blake2bSum256,upgrade,92,1.000423
Blake2bSum256,upgrade,93,1.069706
Blake2bSum256,upgrade,94,0.941982
Blake2bSum256,upgrade,95,0.946134
Blake2bSum256,upgrade,96,1.032459
Blake2bSum256,upgrade,97,1.112587
Blake2bSum256,upgrade,98,1.022385
Blake2bSum256,upgrade,99,1.745705
Blake2bSum256,upgrade,100,1.139878
Blake2bSum256,contract,1,1.653334
Blake2bSum256,contract,2,1.614515
Blake2bSum256,contract,3,1.679785
Blake2bSum256,contract,4,1.428527
Blake2bSum256,contract,5,1.413689
Blake2bSum256,contract,6,1.292754
Blake2bSum256,contract,7,1.34846
Blake2bSum256,contract,8,1.275085
Blake2bSum256,contract,9,1.289012
Blake2bSum256,contract,10,1.373352
Blake2bSum256,contract,11,1.369641
Blake2bSum256,contract,12,1.198059
Blake2bSum256,contract,13,1.216308
Blake2bSum256,contract,14,1.37245
Blake2bSum256,contract,15,1.462292
Blake2bSum256,contract,16,1.38244
Blake2bSum256,contract,17,1.298299
Blake2bSum256,contract,18,1.277415
Blake2bSum256,contract,19,1.225876
Blake2bSum256,contract,20,1.236238
Blake2bSum256,contract,21,1.222175
Blake2bSum256,contract,22,1.1619
Blake2bSum256,contract,23,1.321935
Blake2bSum256,contract,24,1.241221
Blake2bSum256,contract,25,1.350653
Blake2bSum256,contract,26,1.275226
Blake2bSum256,contract,27,1.236909
Blake2bSum256,contract,28,1.223602
Blake2bSum256,contract,29,1.365808
Blake2bSum256,contract,30,1.271424
Blake2bSum256,contract,31,1.336702
Blake2bSum256,contract,32,1.207109
Blake2bSum256,contract,33,1.360378
Blake2bSum256,contract,34,1.394579
Blake2bSum256,contract,35,1.527055
Blake2bSum256,contract,36,1.765057
Blake2bSum256,contract,37,2.186573
Blake2bSum256,contract,38,1.571665
Blake2bSum256,contract,39,2.120499
Blake2bSum256,contract,40,1.624135
Blake2bSum256,contract,41,1.442003
Blake2bSum256,contract,42,1.478892
Blake2bSum256,contract,43,1.425542
Blake2bSum256,contract,44,1.921399
Blake2bSum256,contract,45,1.608756
Blake2bSum256,contract,46,1.470307
Blake2bSum256,contract,47,1.512757
Blake2bSum256,contract,48,1.22478
Blake2bSum256,contract,49,1.293079
Blake2bSum256,contract,50,3.461052
Blake2bSum256,contract,51,2.709794
Blake2bSum256,contract,52,1.938652
Blake2bSum256,contract,53,1.803495
Blake2bSum256,contract,54,1.551456
Blake2bSum256,contract,55,1.44829
Blake2bSum256,contract,56,1.392773
Blake2bSum256,contract,57,1.365007
Blake2bSum256,contract,58,1.316209
Blake2bSum256,contract,59,1.411875
Blake2bSum256,contract,60,1.210914
Blake2bSum256,contract,61,1.310183
Blake2bSum256,contract,62,1.500679
Blake2bSum256,contract,63,1.324088
Blake2bSum256,contract,64,1.332501
Blake2bSum256,contract,65,1.303778
Blake2bSum256,contract,66,1.33817
Blake2bSum256,contract,67,1.394943
Blake2bSum256,contract,68,1.328763
Blake2bSum256,contract,69,1.244241
Blake2bSum256,contract,70,1.287088
Blake2bSum256,contract,71,1.202357
Blake2bSum256,contract,72,1.167296
Blake2bSum256,contract,73,1.297258
Blake2bSum256,contract,74,1.27566
Blake2bSum256,contract,75,1.394933
Blake2bSum256,contract,76,1.290009
Blake2bSum256,contract,77,1.446251
Blake2bSum256,contract,78,1.466679
Blake2bSum256,contract,79,1.625702
Blake2bSum256,contract,80,1.142373
Blake2bSum256,contract,81,1.159055
Blake2bSum256,contract,82,1.252356
Blake2bSum256,contract,83,1.340346
Blake2bSum256,contract,84,1.162892
Blake2bSum256,contract,85,1.316293
Blake2bSum256,contract,86,1.415047
Blake2bSum256,contract,87,1.670283
Blake2bSum256,contract,88,1.546241
Blake2bSum256,contract,89,1.29312
Blake2bSum256,contract,90,1.298029
Blake2bSum256,contract,91,1.282529
Blake2bSum256,contract,92,1.260197
Blake2bSum256,contract,93,1.294647
Blake2bSum256,contract,94,1.278923
Blake2bSum256,contract,95,1.235751
Blake2bSum256,contract,96,1.190084
Blake2bSum256,contract,97,1.218544
Blake2bSum256,contract,98,1.181837
Blake2bSum256,contract,99,1.229209
Blake2bSum256,contract,100,1.32505
Blake2bSum256,precompile,1,0.936711
Blake2bSum256,precompile,2,0.899221
Blake2bSum256,precompile,3,0.929462
Blake2bSum256,precompile,4,0.78068
Blake2bSum256,precompile,5,0.83033
Blake2bSum256,precompile,6,0.818637
Blake2bSum256,precompile,7,0.89091
Blake2bSum256,precompile,8,0.844446
Blake2bSum256,precompile,9,0.841726
Blake2bSum256,precompile,10,0.848143
Blake2bSum256,precompile,11,0.824398
Blake2bSum256,precompile,12,0.964699
Blake2bSum256,precompile,13,0.755567
Blake2bSum256,precompile,14,0.847196
Blake2bSum256,precompile,15,0.979073
Blake2bSum256,precompile,16,1.107812
Blake2bSum256,precompile,17,0.929608
Blake2bSum256,precompile,18,0.844823
Blake2bSum256,precompile,19,0.900844
Blake2bSum256,precompile,20,0.86196
Blake2bSum256,precompile,21,0.912415
Blake2bSum256,precompile,22,0.800798
Blake2bSum256,precompile,23,0.853052
Blake2bSum256,precompile,24,0.856279
Blake2bSum256,precompile,25,0.823777
Blake2bSum256,precompile,26,0.747788
Blake2bSum256,precompile,27,0.975797
Blake2bSum256,precompile,28,1.189342
Blake2bSum256,precompile,29,1.092328
Blake2bSum256,precompile,30,0.868542
Blake2bSum256,precompile,31,0.743729
Blake2bSum256,precompile,32,0.815708
Blake2bSum256,precompile,33,0.759224
Blake2bSum256,precompile,34,0.992518
Blake2bSum256,precompile,35,0.858724
Blake2bSum256,precompile,36,0.78863
Blake2bSum256,precompile,37,0.834276
Blake2bSum256,precompile,38,0.904641
Blake2bSum256,precompile,39,0.92313
Blake2bSum256,precompile,40,0.795909
Blake2bSum256,precompile,41,0.82495
Blake2bSum256,precompile,42,0.708248
Blake2bSum256,precompile,43,0.924409
Blake2bSum256,precompile,44,0.780514
Blake2bSum256,precompile,45,0.727374
Blake2bSum256,precompile,46,0.826502
Blake2bSum256,precompile,47,0.781145
Blake2bSum256,precompile,48,0.894462
Blake2bSum256,precompile,49,0.934027
Blake2bSum256,precompile,50,0.797457
Blake2bSum256,precompile,51,0.761037
Blake2bSum256,precompile,52,0.831832
Blake2bSum256,precompile,53,1.027575
Blake2bSum256,precompile,54,0.844986
Blake2bSum256,precompile,55,0.968132
Blake2bSum256,precompile,56,0.900287
Blake2bSum256,precompile,57,0.79582
Blake2bSum256,precompile,58,0.935704
Blake2bSum256,precompile,59,0.855664
Blake2bSum256,precompile,60,0.77058
Blake2bSum256,precompile,61,0.934798
Blake2bSum256,precompile,62,0.838089
Blake2bSum256,precompile,63,0.860006
Blake2bSum256,precompile,64,0.751079
Blake2bSum256,precompile,65,0.830189
Blake2bSum256,precompile,66,0.947392
Blake2bSum256,precompile,67,0.871557
Blake2bSum256,precompile,68,0.992598
Blake2bSum256,precompile,69,0.968192
Blake2bSum256,precompile,70,0.853864
Blake2bSum256,precompile,71,1.143614
Blake2bSum256,precompile,72,0.818787
Blake2bSum256,precompile,73,0.854159
Blake2bSum256,precompile,74,1.133551
Blake2bSum256,precompile,75,1.162371
Blake2bSum256,precompile,76,0.84079
Blake2bSum256,precompile,77,0.811518
Blake2bSum256,precompile,78,0.727859
Blake2bSum256,precompile,79,0.733626
Blake2bSum256,precompile,80,0.775599
Blake2bSum256,precompile,81,0.85731
Blake2bSum256,precompile,82,0.787268
Blake2bSum256,precompile,83,0.767766
Blake2bSum256,precompile,84,0.821472
Blake2bSum256,precompile,85,0.844537
Blake2bSum256,precompile,86,0.7517
Blake2bSum256,precompile,87,0.838595
Blake2bSum256,precompile,88,0.795283
Blake2bSum256,precompile,89,0.811815
Blake2bSum256,precompile,90,0.975746
Blake2bSum256,precompile,91,1.033556
Blake2bSum256,precompile,92,0.85657
Blake2bSum256,precompile,93,0.890343
Blake2bSum256,precompile,94,0.910351
Blake2bSum256,precompile,95,0.797101
Blake2bSum256,precompile,96,0.813213
Blake2bSum256,precompile,97,0.791627
Blake2bSum256,precompile,98,0.804951
Blake2bSum256,precompile,99,0.886897
Blake2bSum256,precompile,100,0.866448
Pbkdf2Sha256,upgrade,1,1.215222
Pbkdf2Sha256,upgrade,2,1.401873
Pbkdf2Sha256,upgrade,3,1.20883
Pbkdf2Sha256,upgrade,4,1.340059
Pbkdf2Sha256,upgrade,5,1.228286
Pbkdf2Sha256,upgrade,6,1.191116
Pbkdf2Sha256,upgrade,7,0.925701
Pbkdf2Sha256,upgrade,8,1.135429
Pbkdf2Sha256,upgrade,9,1.279068
Pbkdf2Sha256,upgrade,10,1.285445
Pbkdf2Sha256,upgrade,11,1.277797
Pbkdf2Sha256,upgrade,12,1.189804
Pbkdf2Sha256,upgrade,13,1.531674
Pbkdf2Sha256,upgrade,14,1.449331
Pbkdf2Sha256,upgrade,15,1.635546
Pbkdf2Sha256,upgrade,16,1.138965
Pbkdf2Sha256,upgrade,17,1.192288
Pbkdf2Sha256,upgrade,18,0.982739
Pbkdf2Sha256,upgrade,19,1.026793
Pbkdf2Sha256,upgrade,20,0.968165
Pbkdf2Sha256,upgrade,21,1.92146
Pbkdf2Sha256,upgrade,22,1.487941
Pbkdf2Sha256,upgrade,23,1.237795
Pbkdf2Sha256,upgrade,24,1.647629
Pbkdf2Sha256,upgrade,25,1.180581
Pbkdf2Sha256,upgrade,26,1.331007
Pbkdf2Sha256,upgrade,27,1.500565
Pbkdf2Sha256,upgrade,28,1.323964
Pbkdf2Sha256,upgrade,29,1.232134
Pbkdf2Sha256,upgrade,30,1.066189
Pbkdf2Sha256,upgrade,31,0.947181
Pbkdf2Sha256,upgrade,32,0.890173
Pbkdf2Sha256,upgrade,33,0.87776
Pbkdf2Sha256,upgrade,34,1.285996
Pbkdf2Sha256,upgrade,35,1.065506
Pbkdf2Sha256,upgrade,36,0.998574
Pbkdf2Sha256,upgrade,37,1.126673
Pbkdf2Sha256,upgrade,38,1.33749
Pbkdf2Sha256,upgrade,39,1.122926
Pbkdf2Sha256,upgrade,40,1.131397
Pbkdf2Sha256,upgrade,41,1.3248
Pbkdf2Sha256,upgrade,42,1.307387
Pbkdf2Sha256,upgrade,43,1.337424
Pbkdf2Sha256,upgrade,44,1.428728
Pbkdf2Sha256,upgrade,45,1.176203
Pbkdf2Sha256,upgrade,46,1.012204
Pbkdf2Sha256,upgrade,47,0.996686
Pbkdf2Sha256,upgrade,48,1.362993
Pbkdf2Sha256,upgrade,49,1.033606
Pbkdf2Sha256,upgrade,50,1.405623
Pbkdf2Sha256,upgrade,51,1.325392
Pbkdf2Sha256,upgrade,52,1.101689
Pbkdf2Sha256,upgrade,53,1.049201
Pbkdf2Sha256,upgrade,54,1.233597
Pbkdf2Sha256,upgrade,55,1.453289
Pbkdf2Sha256,upgrade,56,1.519336
Pbkdf2Sha256,upgrade,57,1.483456
Pbkdf2Sha256,upgrade,58,1.26945
Pbkdf2Sha256,upgrade,59,1.504607
Pbkdf2Sha256,upgrade,60,1.607894
Pbkdf2Sha256,upgrade,61,1.586348
Pbkdf2Sha256,upgrade,62,1.454992
Pbkdf2Sha256,upgrade,63,1.046049
Pbkdf2Sha256,upgrade,64,1.3167
Pbkdf2Sha256,upgrade,65,1.751802
Pbkdf2Sha256,upgrade,66,1.468664
Pbkdf2Sha256,upgrade,67,1.269234
Pbkdf2Sha256,upgrade,68,1.694022
Pbkdf2Sha256,upgrade,69,3.189327
Pbkdf2Sha256,upgrade,70,3.148814
Pbkdf2Sha256,upgrade,71,2.205139
Pbkdf2Sha256,upgrade,72,1.462993
Pbkdf2Sha256,upgrade,73,1.413899
Pbkdf2Sha256,upgrade,74,1.088551
Pbkdf2Sha256,upgrade,75,1.024609
Pbkdf2Sha256,upgrade,76,0.994782
Pbkdf2Sha256,upgrade,77,0.926322
Pbkdf2Sha256,upgrade,78,0.939317
Pbkdf2Sha256,upgrade,79,1.071307
Pbkdf2Sha256,upgrade,80,1.193274
Pbkdf2Sha256,upgrade,81,1.10613
Pbkdf2Sha256,upgrade,82,0.992041
Pbkdf2Sha256,upgrade,83,1.217081
Pbkdf2Sha256,upgrade,84,1.2722
Pbkdf2Sha256,upgrade,85,1.087088
Pbkdf2Sha256,upgrade,86,1.210413
Pbkdf2Sha256,upgrade,87,1.069273
Pbkdf2Sha256,upgrade,88,1.190605
Pbkdf2Sha256,upgrade,89,1.143595
Pbkdf2Sha256,upgrade,90,1.20656
Pbkdf2Sha256,upgrade,91,1.299497
Pbkdf2Sha256,upgrade,92,1.396286
Pbkdf2Sha256,upgrade,93,1.102627
Pbkdf2Sha256,upgrade,94,1.337855
Pbkdf2Sha256,upgrade,95,1.307
Pbkdf2Sha256,upgrade,96,1.271554
Pbkdf2Sha256,upgrade,97,1.108148
Pbkdf2Sha256,upgrade,98,1.021918
Pbkdf2Sha256,upgrade,99,0.983236
Pbkdf2Sha256,upgrade,100,0.98878
Pbkdf2Sha256,contract,1,1.532089
Pbkdf2Sha256,contract,2,1.358169
Pbkdf2Sha256,contract,3,1.403829
Pbkdf2Sha256,contract,4,1.108219
Pbkdf2Sha256,contract,5,1.229859
Pbkdf2Sha256,contract,6,1.557182
Pbkdf2Sha256,contract,7,1.525291
Pbkdf2Sha256,contract,8,1.453495
Pbkdf2Sha256,contract,9,1.31247
Pbkdf2Sha256,contract,10,1.511825
Pbkdf2Sha256,contract,11,1.583519
Pbkdf2Sha256,contract,12,1.346522
Pbkdf2Sha256,contract,13,1.393134
Pbkdf2Sha256,contract,14,1.308208
Pbkdf2Sha256,contract,15,1.141762
Pbkdf2Sha256,contract,16,1.057802
Pbkdf2Sha256,contract,17,1.288872
Pbkdf2Sha256,contract,18,1.294482
Pbkdf2Sha256,contract,19,1.288608
Pbkdf2Sha256,contract,20,1.470026
Pbkdf2Sha256,contract,21,1.394442
Pbkdf2Sha256,contract,22,1.599231
Pbkdf2Sha256,contract,23,1.659347
Pbkdf2Sha256,contract,24,1.552633
Pbkdf2Sha256,contract,25,1.512136
Pbkdf2Sha256,contract,26,1.341852
Pbkdf2Sha256,contract,27,1.371078
Pbkdf2Sha256,contract,28,1.399242
Pbkdf2Sha256,contract,29,1.531865
Pbkdf2Sha256,contract,30,1.709746
Pbkdf2Sha256,contract,31,2.117223
Pbkdf2Sha256,contract,32,1.859661
Pbkdf2Sha256,contract,33,1.940056
Pbkdf2Sha256,contract,34,1.574696
Pbkdf2Sha256,contract,35,1.883322
Pbkdf2Sha256,contract,36,1.449468
Pbkdf2Sha256,contract,37,1.336716
Pbkdf2Sha256,contract,38,1.553601
Pbkdf2Sha256,contract,39,1.314191
Pbkdf2Sha256,contract,40,1.420866
Pbkdf2Sha256,contract,41,2.054267
Pbkdf2Sha256,contract,42,1.687019
Pbkdf2Sha256,contract,43,1.478728
Pbkdf2Sha256,contract,44,1.329363
Pbkdf2Sha256,contract,45,1.802775
Pbkdf2Sha256,contract,46,1.625346
Pbkdf2Sha256,contract,47,1.673259
Pbkdf2Sha256,contract,48,1.502317
Pbkdf2Sha256,contract,49,1.163137
Pbkdf2Sha256,contract,50,1.275151
Pbkdf2Sha256,contract,51,1.043224
Pbkdf2Sha256,contract,52,1.02536
Pbkdf2Sha256,contract,53,1.168447
Pbkdf2Sha256,contract,54,1.228376
Pbkdf2Sha256,contract,55,0.939392
Pbkdf2Sha256,contract,56,1.043986
Pbkdf2Sha256,contract,57,1.141451
Pbkdf2Sha256,contract,58,1.35665
Pbkdf2Sha256,contract,59,1.035259
Pbkdf2Sha256,contract,60,1.038605
Pbkdf2Sha256,contract,61,1.265437
Pbkdf2Sha256,contract,62,1.383251
Pbkdf2Sha256,contract,63,1.013078
Pbkdf2Sha256,contract,64,1.178802
Pbkdf2Sha256,contract,65,1.031733
Pbkdf2Sha256,contract,66,1.008608
Pbkdf2Sha256,contract,67,1.464306
Pbkdf2Sha256,contract,68,1.442198
Pbkdf2Sha256,contract,69,1.112081
Pbkdf2Sha256,contract,70,0.981987
Pbkdf2Sha256,contract,71,1.227445
Pbkdf2Sha256,contract,72,1.335952
Pbkdf2Sha256,contract,73,1.992369
Pbkdf2Sha256,contract,74,1.553655
Pbkdf2Sha256,contract,75,1.243926
Pbkdf2Sha256,contract,76,1.282885
Pbkdf2Sha256,contract,77,1.101601
Pbkdf2Sha256,contract,78,1.128571
Pbkdf2Sha256,contract,79,1.115021
Pbkdf2Sha256,contract,80,1.708624
Pbkdf2Sha256,contract,81,1.196065
Pbkdf2Sha256,contract,82,1.04912
Pbkdf2Sha256,contract,83,1.439274
Pbkdf2Sha256,contract,84,1.311114
Pbkdf2Sha256,contract,85,1.647123
Pbkdf2Sha256,contract,86,1.748571
Pbkdf2Sha256,contract,87,1.362177
Pbkdf2Sha256,contract,88,1.296867
Pbkdf2Sha256,contract,89,1.593271
Pbkdf2Sha256,contract,90,1.860067
Pbkdf2Sha256,contract,91,1.292169
Pbkdf2Sha256,contract,92,1.100257
Pbkdf2Sha256,contract,93,1.040856
Pbkdf2Sha256,contract,94,1.150849
Pbkdf2Sha256,contract,95,1.181678
Pbkdf2Sha256,contract,96,1.264134
Pbkdf2Sha256,contract,97,1.10885
Pbkdf2Sha256,contract,98,1.279905
Pbkdf2Sha256,contract,99,1.124679
Pbkdf2Sha256,contract,100,1.120962
Pbkdf2Sha256,precompile,1,0.814518
Pbkdf2Sha256,precompile,2,1.070912
Pbkdf2Sha256,precompile,3,0.976593
Pbkdf2Sha256,precompile,4,1.005373
Pbkdf2Sha256,precompile,5,0.887388
Pbkdf2Sha256,precompile,6,0.754104
Pbkdf2Sha256,precompile,7,0.81531
Pbkdf2Sha256,precompile,8,0.950799
Pbkdf2Sha256,precompile,9,0.923786
Pbkdf2Sha256,precompile,10,0.827314
Pbkdf2Sha256,precompile,11,0.805582
Pbkdf2Sha256,precompile,12,0.711773
Pbkdf2Sha256,precompile,13,0.880203
Pbkdf2Sha256,precompile,14,0.786667
Pbkdf2Sha256,precompile,15,0.7651
Pbkdf2Sha256,precompile,16,0.730025
Pbkdf2Sha256,precompile,17,0.725981
Pbkdf2Sha256,precompile,18,0.718517
Pbkdf2Sha256,precompile,19,0.887398
Pbkdf2Sha256,precompile,20,0.785333
Pbkdf2Sha256,precompile,21,0.943739
Pbkdf2Sha256,precompile,22,0.842158
Pbkdf2Sha256,precompile,23,0.994973
Pbkdf2Sha256,precompile,24,1.409279
Pbkdf2Sha256,precompile,25,2.38665
Pbkdf2Sha256,precompile,26,1.369996
Pbkdf2Sha256,precompile,27,1.19367
Pbkdf2Sha256,precompile,28,0.963965
Pbkdf2Sha256,precompile,29,1.099411
Pbkdf2Sha256,precompile,30,0.88836
Pbkdf2Sha256,precompile,31,0.813658
Pbkdf2Sha256,precompile,32,0.957211
Pbkdf2Sha256,precompile,33,0.918477
Pbkdf2Sha256,precompile,34,0.995684
Pbkdf2Sha256,precompile,35,0.88362
Pbkdf2Sha256,precompile,36,0.865275
Pbkdf2Sha256,precompile,37,0.860857
Pbkdf2Sha256,precompile,38,0.86545
Pbkdf2Sha256,precompile,39,0.925305
Pbkdf2Sha256,precompile,40,0.891159
Pbkdf2Sha256,precompile,41,0.94131
Pbkdf2Sha256,precompile,42,1.125887
Pbkdf2Sha256,precompile,43,0.965812
Pbkdf2Sha256,precompile,44,0.977986
Pbkdf2Sha256,precompile,45,0.87286
Pbkdf2Sha256,precompile,46,0.866488
Pbkdf2Sha256,precompile,47,0.88075
Pbkdf2Sha256,precompile,48,0.748169
Pbkdf2Sha256,precompile,49,0.884266
Pbkdf2Sha256,precompile,50,0.89601
Pbkdf2Sha256,precompile,51,0.918587
Pbkdf2Sha256,precompile,52,0.8357
Pbkdf2Sha256,precompile,53,0.836542
Pbkdf2Sha256,precompile,54,0.903228
Pbkdf2Sha256,precompile,55,0.749837
Pbkdf2Sha256,precompile,56,0.803138
Pbkdf2Sha256,precompile,57,0.800543
Pbkdf2Sha256,precompile,58,0.870076
Pbkdf2Sha256,precompile,59,0.830771
Pbkdf2Sha256,precompile,60,0.85708
Pbkdf2Sha256,precompile,61,0.875035
Pbkdf2Sha256,precompile,62,0.821522
Pbkdf2Sha256,precompile,63,1.049757
Pbkdf2Sha256,precompile,64,1.107377
Pbkdf2Sha256,precompile,65,1.060317
Pbkdf2Sha256,precompile,66,0.941415
Pbkdf2Sha256,precompile,67,0.753218
Pbkdf2Sha256,precompile,68,0.924639
Pbkdf2Sha256,precompile,69,1.226774
Pbkdf2Sha256,precompile,70,1.04156
Pbkdf2Sha256,precompile,71,1.247107
Pbkdf2Sha256,precompile,72,1.862097
Pbkdf2Sha256,precompile,73,1.163954
Pbkdf2Sha256,precompile,74,0.977389
Pbkdf2Sha256,precompile,75,1.027218
Pbkdf2Sha256,precompile,76,1.216274
Pbkdf2Sha256,precompile,77,0.997353
Pbkdf2Sha256,precompile,78,0.90751
Pbkdf2Sha256,precompile,79,0.955673
Pbkdf2Sha256,precompile,80,1.126072
Pbkdf2Sha256,precompile,81,2.545222
Pbkdf2Sha256,precompile,82,1.8925
Pbkdf2Sha256,precompile,83,2.923455
Pbkdf2Sha256,precompile,84,1.165503
Pbkdf2Sha256,precompile,85,1.071277
Pbkdf2Sha256,precompile,86,1.026203
Pbkdf2Sha256,precompile,87,0.82318
Pbkdf2Sha256,precompile,88,0.929704
Pbkdf2Sha256,precompile,89,1.068282
Pbkdf2Sha256,precompile,90,0.954195
Pbkdf2Sha256,precompile,91,1.017204
Pbkdf2Sha256,precompile,92,0.858965
Pbkdf2Sha256,precompile,93,1.184532
Pbkdf2Sha256,precompile,94,1.34058
Pbkdf2Sha256,precompile,95,1.183622
Pbkdf2Sha256,precompile,96,1.100153
Pbkdf2Sha256,precompile,97,0.859124
Pbkdf2Sha256,precompile,98,0.957651
Pbkdf2Sha256,precompile,99,0.890474
Pbkdf2Sha256,precompile,100,0.789718
Dh2048Secret,upgrade,1,1.192889
Dh2048Secret,upgrade,2,1.175846
Dh2048Secret,upgrade,3,1.186247
Dh2048Secret,upgrade,4,1.263894
Dh2048Secret,upgrade,5,1.3137
Dh2048Secret,upgrade,6,1.437038
Dh2048Secret,upgrade,7,1.548045
Dh2048Secret,upgrade,8,1.353133
Dh2048Secret,upgrade,9,1.503336
Dh2048Secret,upgrade,10,1.230009
Dh2048Secret,upgrade,11,1.280491
Dh2048Secret,upgrade,12,1.611405
Dh2048Secret,upgrade,13,1.654808
Dh2048Secret,upgrade,14,2.364642
Dh2048Secret,upgrade,15,1.740397
Dh2048Secret,upgrade,16,1.281457
Dh2048Secret,upgrade,17,1.136232
Dh2048Secret,upgrade,18,1.542374
Dh2048Secret,upgrade,19,1.52735
Dh2048Secret,upgrade,20,1.497634
Dh2048Secret,upgrade,21,1.42478
Dh2048Secret,upgrade,22,1.242808
Dh2048Secret,upgrade,23,1.118824
Dh2048Secret,upgrade,24,1.192132
Dh2048Secret,upgrade,25,1.497043
Dh2048Secret,upgrade,26,1.442545
Dh2048Secret,upgrade,27,1.252847
Dh2048Secret,upgrade,28,1.367597
Dh2048Secret,upgrade,29,1.738903
Dh2048Secret,upgrade,30,1.786102
Dh2048Secret,upgrade,31,1.838712
Dh2048Secret,upgrade,32,1.574129
Dh2048Secret,upgrade,33,1.699834
Dh2048Secret,upgrade,34,1.690109
Dh2048Secret,upgrade,35,1.648211
Dh2048Secret,upgrade,36,1.632665
Dh2048Secret,upgrade,37,1.836833
Dh2048Secret,upgrade,38,2.232386
Dh2048Secret,upgrade,39,1.832601
Dh2048Secret,upgrade,40,1.822823
Dh2048Secret,upgrade,41,1.906661
Dh2048Secret,upgrade,42,1.665264
Dh2048Secret,upgrade,43,1.563057
Dh2048Secret,upgrade,44,1.657903
Dh2048Secret,upgrade,45,1.503966
Dh2048Secret,upgrade,46,1.959608
Dh2048Secret,upgrade,47,1.78997
Dh2048Secret,upgrade,48,1.466695
Dh2048Secret,upgrade,49,1.429564
Dh2048Secret,upgrade,50,1.579099
Dh2048Secret,upgrade,51,1.68536
Dh2048Secret,upgrade,52,1.516291
Dh2048Secret,upgrade,53,2.389389
Dh2048Secret,upgrade,54,1.936032
Dh2048Secret,upgrade,55,2.182507
Dh2048Secret,upgrade,56,2.202282
Dh2048Secret,upgrade,57,2.228084
Dh2048Secret,upgrade,58,2.097099
Dh2048Secret,upgrade,59,1.970067
Dh2048Secret,upgrade,60,2.156531
Dh2048Secret,upgrade,61,1.887802
Dh2048Secret,upgrade,62,1.936423
Dh2048Secret,upgrade,63,2.2608
Dh2048Secret,upgrade,64,2.362493
Dh2048Secret,upgrade,65,2.179806
Dh2048Secret,upgrade,66,1.542683
Dh2048Secret,upgrade,67,1.352363
Dh2048Secret,upgrade,68,2.369477
Dh2048Secret,upgrade,69,2.166972
Dh2048Secret,upgrade,70,1.931329
Dh2048Secret,upgrade,71,1.925794
Dh2048Secret,upgrade,72,1.318218
Dh2048Secret,upgrade,73,1.530617
Dh2048Secret,upgrade,74,1.538136
Dh2048Secret,upgrade,75,1.880717
Dh2048Secret,upgrade,76,1.711386
Dh2048Secret,upgrade,77,2.024345
Dh2048Secret,upgrade,78,1.854543
Dh2048Secret,upgrade,79,2.148786
Dh2048Secret,upgrade,80,1.741974
Dh2048Secret,upgrade,81,1.396135
Dh2048Secret,upgrade,82,1.506907
Dh2048Secret,upgrade,83,1.305824
Dh2048Secret,upgrade,84,1.596056
Dh2048Secret,upgrade,85,1.556962
Dh2048Secret,upgrade,86,1.294065
Dh2048Secret,upgrade,87,1.40583
Dh2048Secret,upgrade,88,1.57214
Dh2048Secret,upgrade,89,1.64292
Dh2048Secret,upgrade,90,1.729275
Dh2048Secret,upgrade,91,1.504196
Dh2048Secret,upgrade,92,1.705871
Dh2048Secret,upgrade,93,1.82484
Dh2048Secret,upgrade,94,1.418883
Dh2048Secret,upgrade,95,1.59593
Dh2048Secret,upgrade,96,1.394372
Dh2048Secret,upgrade,97,1.491612
Dh2048Secret,upgrade,98,1.934995
Dh2048Secret,upgrade,99,1.705154
Dh2048Secret,upgrade,100,2.148982
Dh2048Secret,contract,1,2.928521
Dh2048Secret,contract,2,2.854706
Dh2048Secret,contract,3,2.788634
Dh2048Secret,contract,4,2.60805
Dh2048Secret,contract,5,3.045223
Dh2048Secret,contract,6,2.442822
Dh2048Secret,contract,7,2.565199
Dh2048Secret,contract,8,2.542432
Dh2048Secret,contract,9,2.619373
Dh2048Secret,contract,10,2.905185
Dh2048Secret,contract,11,2.406322
Dh2048Secret,contract,12,2.608006
Dh2048Secret,contract,13,2.231264
Dh2048Secret,contract,14,2.737628
Dh2048Secret,contract,15,2.610059
Dh2048Secret,contract,16,2.37873
Dh2048Secret,contract,17,2.350866
Dh2048Secret,contract,18,2.09436
Dh2048Secret,contract,19,2.379891
Dh2048Secret,contract,20,2.641214
Dh2048Secret,contract,21,2.359645
Dh2048Secret,contract,22,2.296197
Dh2048Secret,contract,23,2.826031
Dh2048Secret,contract,24,2.255665
Dh2048Secret,contract,25,2.405891
Dh2048Secret,contract,26,3.647343
Dh2048Secret,contract,27,2.425765
Dh2048Secret,contract,28,2.352985
Dh2048Secret,contract,29,2.857747
Dh2048Secret,contract,30,2.353628
Dh2048Secret,contract,31,3.132989
Dh2048Secret,contract,32,3.052806
Dh2048Secret,contract,33,2.533078
Dh2048Secret,contract,34,2.629441
Dh2048Secret,contract,35,3.015928
Dh2048Secret,contract,36,2.434786
Dh2048Secret,contract,37,2.376766
Dh2048Secret,contract,38,2.071701
Dh2048Secret,contract,39,2.416662
Dh2048Secret,contract,40,2.262123
Dh2048Secret,contract,41,2.321642
Dh2048Secret,contract,42,2.320324
Dh2048Secret,contract,43,2.267533
Dh2048Secret,contract,44,2.184426
Dh2048Secret,contract,45,1.996763
Dh2048Secret,contract,46,2.214137
Dh2048Secret,contract,47,2.537852
Dh2048Secret,contract,48,2.16351
Dh2048Secret,contract,49,1.865023
Dh2048Secret,contract,50,2.008076
Dh2048Secret,contract,51,1.785657
Dh2048Secret,contract,52,2.068836
Dh2048Secret,contract,53,2.180552
Dh2048Secret,contract,54,2.114839
Dh2048Secret,contract,55,2.373675
Dh2048Secret,contract,56,1.709422
Dh2048Secret,contract,57,1.873995
Dh2048Secret,contract,58,2.033609
Dh2048Secret,contract,59,2.381881
Dh2048Secret,contract,60,1.82942
Dh2048Secret,contract,61,2.557615
Dh2048Secret,contract,62,2.417237
Dh2048Secret,contract,63,2.145661
Dh2048Secret,contract,64,2.471621
Dh2048Secret,contract,65,2.042861
Dh2048Secret,contract,66,1.826885
Dh2048Secret,contract,67,2.014457
Dh2048Secret,contract,68,2.222166
Dh2048Secret,contract,69,2.229405
Dh2048Secret,contract,70,2.089414
Dh2048Secret,contract,71,1.809909
Dh2048Secret,contract,72,2.072652
Dh2048Secret,contract,73,1.986158
Dh2048Secret,contract,74,2.025292
Dh2048Secret,contract,75,2.014202
Dh2048Secret,contract,76,2.556583
Dh2048Secret,contract,77,2.113795
Dh2048Secret,contract,78,2.051828
Dh2048Secret,contract,79,2.11816
Dh2048Secret,contract,80,2.814223
Dh2048Secret,contract,81,2.306818
Dh2048Secret,contract,82,2.393081
Dh2048Secret,contract,83,2.807335
Dh2048Secret,contract,84,2.494731
Dh2048Secret,contract,85,2.007999
Dh2048Secret,contract,86,2.131113
Dh2048Secret,contract,87,1.919822
Dh2048Secret,contract,88,2.49225
Dh2048Secret,contract,89,2.172383
Dh2048Secret,contract,90,3.202521
Dh2048Secret,contract,91,2.692411
Dh2048Secret,contract,92,2.420454
Dh2048Secret,contract,93,2.017097
Dh2048Secret,contract,94,2.084465
Dh2048Secret,contract,95,2.055069
Dh2048Secret,contract,96,2.467723
Dh2048Secret,contract,97,2.573826
Dh2048Secret,contract,98,2.929652
Dh2048Secret,contract,99,2.648448
Dh2048Secret,contract,100,1.931934
Dh2048Secret,precompile,1,0.856523
Dh2048Secret,precompile,2,0.938505
Dh2048Secret,precompile,3,1.052628
Dh2048Secret,precompile,4,0.911022
Dh2048Secret,precompile,5,1.113769
Dh2048Secret,precompile,6,1.108499
Dh2048Secret,precompile,7,1.048996
Dh2048Secret,precompile,8,0.875285
Dh2048Secret,precompile,9,0.855107
Dh2048Secret,precompile,10,0.876297
Dh2048Secret,precompile,11,1.11467
Dh2048Secret,precompile,12,1.20854
Dh2048Secret,precompile,13,0.954736
Dh2048Secret,precompile,14,0.960341
Dh2048Secret,precompile,15,0.94334
Dh2048Secret,precompile,16,0.898363
Dh2048Secret,precompile,17,0.791952
Dh2048Secret,precompile,18,0.899696
Dh2048Secret,precompile,19,1.088386
Dh2048Secret,precompile,20,0.89656
Dh2048Secret,precompile,21,0.914234
Dh2048Secret,precompile,22,0.874623
Dh2048Secret,precompile,23,0.956961
Dh2048Secret,precompile,24,0.856073
Dh2048Secret,precompile,25,0.915096
Dh2048Secret,precompile,26,0.875606
Dh2048Secret,precompile,27,0.86222
Dh2048Secret,precompile,28,1.018908
Dh2048Secret,precompile,29,1.082239
Dh2048Secret,precompile,30,1.303999
Dh2048Secret,precompile,31,1.512421
Dh2048Secret,precompile,32,1.172767
Dh2048Secret,precompile,33,0.900594
Dh2048Secret,precompile,34,0.858888
Dh2048Secret,precompile,35,0.950092
Dh2048Secret,precompile,36,0.85678
Dh2048Secret,precompile,37,0.865891
Dh2048Secret,precompile,38,0.744642
Dh2048Secret,precompile,39,0.911869
Dh2048Secret,precompile,40,1.281814
Dh2048Secret,precompile,41,1.004941
Dh2048Secret,precompile,42,1.185726
Dh2048Secret,precompile,43,1.302337
Dh2048Secret,precompile,44,1.149206
Dh2048Secret,precompile,45,0.880515
Dh2048Secret,precompile,46,0.858162
Dh2048Secret,precompile,47,1.112146
Dh2048Secret,precompile,48,0.987883
Dh2048Secret,precompile,49,0.843249
Dh2048Secret,precompile,50,0.805703
Dh2048Secret,precompile,51,0.953193
Dh2048Secret,precompile,52,0.881581
Dh2048Secret,precompile,53,1.04068
Dh2048Secret,precompile,54,1.012666
Dh2048Secret,precompile,55,1.077785
Dh2048Secret,precompile,56,0.86238
Dh2048Secret,precompile,57,0.757231
Dh2048Secret,precompile,58,0.792518
Dh2048Secret,precompile,59,0.826432
Dh2048Secret,precompile,60,0.883902
Dh2048Secret,precompile,61,0.911454
Dh2048Secret,precompile,62,0.907466
Dh2048Secret,precompile,63,0.817987
Dh2048Secret,precompile,64,0.924052
Dh2048Secret,precompile,65,1.000242
Dh2048Secret,precompile,66,1.071143
Dh2048Secret,precompile,67,1.040077
Dh2048Secret,precompile,68,1.225792
Dh2048Secret,precompile,69,0.859014
Dh2048Secret,precompile,70,1.074227
Dh2048Secret,precompile,71,1.01721
Dh2048Secret,precompile,72,1.826263
Dh2048Secret,precompile,73,1.105593
Dh2048Secret,precompile,74,1.041231
Dh2048Secret,precompile,75,1.050443
Dh2048Secret,precompile,76,1.051546
Dh2048Secret,precompile,77,0.920271
Dh2048Secret,precompile,78,1.423879
Dh2048Secret,precompile,79,1.8665
Dh2048Secret,precompile,80,1.530803
Dh2048Secret,precompile,81,1.168682
Dh2048Secret,precompile,82,1.033756
Dh2048Secret,precompile,83,0.862912
Dh2048Secret,precompile,84,0.879833
Dh2048Secret,precompile,85,1.019499
Dh2048Secret,precompile,86,0.864444
Dh2048Secret,precompile,87,0.883414
Dh2048Secret,precompile,88,0.937453
Dh2048Secret,precompile,89,0.893244
Dh2048Secret,precompile,90,0.839771
Dh2048Secret,precompile,91,0.807582
Dh2048Secret,precompile,92,0.885318
Dh2048Secret,precompile,93,0.779709
Dh2048Secret,precompile,94,0.957867
Dh2048Secret,precompile,95,0.752521
Dh2048Secret,precompile,96,0.727058
Dh2048Secret,precompile,97,0.673751
Dh2048Secret,precompile,98,0.719308
Dh2048Secret,precompile,99,0.858257
Dh2048Secret,precompile,100,0.898436
PedersenCommit,upgrade,1,1.855038
PedersenCommit,upgrade,2,1.764667
PedersenCommit,upgrade,3,1.481848
PedersenCommit,upgrade,4,1.554998
PedersenCommit,upgrade,5,1.858555
PedersenCommit,upgrade,6,1.529809
PedersenCommit,upgrade,7,1.678813
PedersenCommit,upgrade,8,1.790856
PedersenCommit,upgrade,9,1.844273
PedersenCommit,upgrade,10,1.932091
PedersenCommit,upgrade,11,1.633381
PedersenCommit,upgrade,12,1.582626
PedersenCommit,upgrade,13,1.509532
PedersenCommit,upgrade,14,1.858495
PedersenCommit,upgrade,15,2.05874
PedersenCommit,upgrade,16,1.907629
PedersenCommit,upgrade,17,1.693797
PedersenCommit,upgrade,18,1.923468
PedersenCommit,upgrade,19,1.830375
PedersenCommit,upgrade,20,1.739364
PedersenCommit,upgrade,21,1.938508
PedersenCommit,upgrade,22,1.815478
PedersenCommit,upgrade,23,1.881645
PedersenCommit,upgrade,24,1.690666
PedersenCommit,upgrade,25,1.877432
PedersenCommit,upgrade,26,1.737734
PedersenCommit,upgrade,27,2.062974
PedersenCommit,upgrade,28,1.847685
PedersenCommit,upgrade,29,1.775337
PedersenCommit,upgrade,30,1.66194
PedersenCommit,upgrade,31,1.59793
PedersenCommit,upgrade,32,1.858395
PedersenCommit,upgrade,33,1.596336
PedersenCommit,upgrade,34,1.827666
PedersenCommit,upgrade,35,1.813243
PedersenCommit,upgrade,36,2.010219
PedersenCommit,upgrade,37,2.286083
PedersenCommit,upgrade,38,2.707295
PedersenCommit,upgrade,39,3.089198
PedersenCommit,upgrade,40,2.420313
PedersenCommit,upgrade,41,2.219782
PedersenCommit,upgrade,42,2.061365
PedersenCommit,upgrade,43,1.852494
PedersenCommit,upgrade,44,1.801667
PedersenCommit,upgrade,45,1.776679
PedersenCommit,upgrade,46,1.714768
PedersenCommit,upgrade,47,3.115887
PedersenCommit,upgrade,48,1.750409
PedersenCommit,upgrade,49,1.755704
PedersenCommit,upgrade,50,1.749744
PedersenCommit,upgrade,51,2.032496
PedersenCommit,upgrade,52,1.628792
PedersenCommit,upgrade,53,1.864427
PedersenCommit,upgrade,54,1.632756
PedersenCommit,upgrade,55,1.722712
PedersenCommit,upgrade,56,1.717707
PedersenCommit,upgrade,57,1.865638
PedersenCommit,upgrade,58,1.653545
PedersenCommit,upgrade,59,1.606706
PedersenCommit,upgrade,60,1.857397
PedersenCommit,upgrade,61,1.933999
PedersenCommit,upgrade,62,1.92108
PedersenCommit,upgrade,63,2.088817
PedersenCommit,upgrade,64,1.927754
PedersenCommit,upgrade,65,1.793591
PedersenCommit,upgrade,66,1.743761
PedersenCommit,upgrade,67,1.83217
PedersenCommit,upgrade,68,2.327022
PedersenCommit,upgrade,69,1.746411
PedersenCommit,upgrade,70,1.829911
PedersenCommit,upgrade,71,1.780416
PedersenCommit,upgrade,72,1.723217
PedersenCommit,upgrade,73,1.751972
PedersenCommit,upgrade,74,1.916024
PedersenCommit,upgrade,75,1.934219
PedersenCommit,upgrade,76,2.335592
PedersenCommit,upgrade,77,1.963525
PedersenCommit,upgrade,78,1.748566
PedersenCommit,upgrade,79,1.706912
PedersenCommit,upgrade,80,1.759463
PedersenCommit,upgrade,81,1.915163
PedersenCommit,upgrade,82,1.922271
PedersenCommit,upgrade,83,2.230098
PedersenCommit,upgrade,84,2.09804
PedersenCommit,upgrade,85,1.712958
PedersenCommit,upgrade,86,1.597188
PedersenCommit,upgrade,87,1.843146
PedersenCommit,upgrade,88,1.85095
PedersenCommit,upgrade,89,1.972433
PedersenCommit,upgrade,90,1.984995
PedersenCommit,upgrade,91,1.839754
PedersenCommit,upgrade,92,1.828634
PedersenCommit,upgrade,93,2.194974
PedersenCommit,upgrade,94,2.162754
PedersenCommit,upgrade,95,1.902218
PedersenCommit,upgrade,96,1.604993
PedersenCommit,upgrade,97,1.786538
PedersenCommit,upgrade,98,2.109613
PedersenCommit,upgrade,99,1.606115
PedersenCommit,upgrade,100,1.753991
PedersenCommit,contract,1,3.624203
PedersenCommit,contract,2,3.107151
PedersenCommit,contract,3,3.518242
PedersenCommit,contract,4,3.077524
PedersenCommit,contract,5,3.561103
PedersenCommit,contract,6,3.540635
PedersenCommit,contract,7,3.447527
PedersenCommit,contract,8,2.905501
PedersenCommit,contract,9,3.424299
PedersenCommit,contract,10,3.334903
PedersenCommit,contract,11,3.419575
PedersenCommit,contract,12,3.615537
PedersenCommit,contract,13,3.123893
PedersenCommit,contract,14,3.646255
PedersenCommit,contract,15,3.421979
PedersenCommit,contract,16,3.158328
PedersenCommit,contract,17,3.480161
PedersenCommit,contract,18,3.147797
PedersenCommit,contract,19,3.598098
PedersenCommit,contract,20,4.906148
PedersenCommit,contract,21,3.499792
PedersenCommit,contract,22,2.998839
PedersenCommit,contract,23,3.391562
PedersenCommit,contract,24,3.878973
PedersenCommit,contract,25,3.277971
PedersenCommit,contract,26,3.408277
PedersenCommit,contract,27,3.425632
PedersenCommit,contract,28,3.582965
PedersenCommit,contract,29,3.589082
PedersenCommit,contract,30,3.79825
PedersenCommit,contract,31,3.408718
PedersenCommit,contract,32,2.98582
PedersenCommit,contract,33,4.306998
PedersenCommit,contract,34,3.473161
PedersenCommit,contract,35,3.689873
PedersenCommit,contract,36,3.255342
PedersenCommit,contract,37,3.378657
PedersenCommit,contract,38,3.237678
PedersenCommit,contract,39,3.267405
PedersenCommit,contract,40,4.538833
PedersenCommit,contract,41,3.845539
PedersenCommit,contract,42,4.138027
PedersenCommit,contract,43,3.462631
PedersenCommit,contract,44,3.59624
PedersenCommit,contract,45,3.532886
PedersenCommit,contract,46,4.479846
PedersenCommit,contract,47,3.639068
PedersenCommit,contract,48,3.566784
PedersenCommit,contract,49,3.511008
PedersenCommit,contract,50,3.324558
PedersenCommit,contract,51,3.002437
PedersenCommit,contract,52,3.131216
PedersenCommit,contract,53,3.384638
PedersenCommit,contract,54,3.336317
PedersenCommit,contract,55,3.879649
PedersenCommit,contract,56,3.305682
PedersenCommit,contract,57,3.830956
PedersenCommit,contract,58,3.59078
PedersenCommit,contract,59,3.605594
PedersenCommit,contract,60,3.178266
PedersenCommit,contract,61,3.00703
PedersenCommit,contract,62,3.382283
PedersenCommit,contract,63,3.521698
PedersenCommit,contract,64,3.58039
PedersenCommit,contract,65,3.906901
PedersenCommit,contract,66,3.170612
PedersenCommit,contract,67,3.336076
PedersenCommit,contract,68,4.256821
PedersenCommit,contract,69,3.443516
PedersenCommit,contract,70,3.431346
PedersenCommit,contract,71,3.43282
PedersenCommit,contract,72,4.272888
PedersenCommit,contract,73,4.190956
PedersenCommit,contract,74,4.108201
PedersenCommit,contract,75,3.289922
PedersenCommit,contract,76,3.944979
PedersenCommit,contract,77,3.105757
PedersenCommit,contract,78,3.688045
PedersenCommit,contract,79,3.36426
PedersenCommit,contract,80,3.470966
PedersenCommit,contract,81,3.271543
PedersenCommit,contract,82,3.070876
PedersenCommit,contract,83,3.352958
PedersenCommit,contract,84,3.383079
PedersenCommit,contract,85,3.787154
PedersenCommit,contract,86,3.231894
PedersenCommit,contract,87,3.316572
PedersenCommit,contract,88,3.585375
PedersenCommit,contract,89,4.153441
PedersenCommit,contract,90,3.463892
PedersenCommit,contract,91,3.366489
PedersenCommit,contract,92,3.579969
PedersenCommit,contract,93,3.568638
PedersenCommit,contract,94,3.411399
PedersenCommit,contract,95,3.492307
PedersenCommit,contract,96,4.079926
PedersenCommit,contract,97,5.653983
PedersenCommit,contract,98,3.457196
PedersenCommit,contract,99,3.659542
PedersenCommit,contract,100,3.317872
PedersenCommit,precompile,1,1.291786
PedersenCommit,precompile,2,1.211655
PedersenCommit,precompile,3,0.896205
PedersenCommit,precompile,4,0.835489
PedersenCommit,precompile,5,0.819789
PedersenCommit,precompile,6,0.832768
PedersenCommit,precompile,7,0.870607
PedersenCommit,precompile,8,0.863709
PedersenCommit,precompile,9,0.842292
PedersenCommit,precompile,10,1.05658
PedersenCommit,precompile,11,1.368733
PedersenCommit,precompile,12,1.087042
PedersenCommit,precompile,13,0.95124
PedersenCommit,precompile,14,0.866308
PedersenCommit,precompile,15,0.879789
PedersenCommit,precompile,16,0.727603
PedersenCommit,precompile,17,0.8016
PedersenCommit,precompile,18,0.760402
PedersenCommit,precompile,19,0.879222
PedersenCommit,precompile,20,0.737477
PedersenCommit,precompile,21,0.848951
PedersenCommit,precompile,22,0.750311
PedersenCommit,precompile,23,0.762727
PedersenCommit,precompile,24,0.834752
PedersenCommit,precompile,25,0.750173
PedersenCommit,precompile,26,0.766418
PedersenCommit,precompile,27,0.895523
PedersenCommit,precompile,28,0.8389
PedersenCommit,precompile,29,1.144482
PedersenCommit,precompile,30,1.001745
PedersenCommit,precompile,31,0.853563
PedersenCommit,precompile,32,0.772213
PedersenCommit,precompile,33,0.887254
PedersenCommit,precompile,34,0.765306
PedersenCommit,precompile,35,0.760647
PedersenCommit,precompile,36,0.80437
PedersenCommit,precompile,37,1.001238
PedersenCommit,precompile,38,0.873638
PedersenCommit,precompile,39,0.938976
PedersenCommit,precompile,40,0.78367
PedersenCommit,precompile,41,0.857872
PedersenCommit,precompile,42,1.019989
PedersenCommit,precompile,43,0.872545
PedersenCommit,precompile,44,0.967997
PedersenCommit,precompile,45,0.863697
PedersenCommit,precompile,46,0.971538
PedersenCommit,precompile,47,0.952006
PedersenCommit,precompile,48,0.871347
PedersenCommit,precompile,49,1.004481
PedersenCommit,precompile,50,0.881506
PedersenCommit,precompile,51,0.980666
PedersenCommit,precompile,52,0.857091
PedersenCommit,precompile,53,0.821072
PedersenCommit,precompile,54,0.856218
PedersenCommit,precompile,55,1.076678
PedersenCommit,precompile,56,0.994487
PedersenCommit,precompile,57,1.260804
PedersenCommit,precompile,58,0.800352
PedersenCommit,precompile,59,0.875685
PedersenCommit,precompile,60,0.704942
PedersenCommit,precompile,61,0.662811
PedersenCommit,precompile,62,0.721046
PedersenCommit,precompile,63,0.794357
PedersenCommit,precompile,64,0.821172
PedersenCommit,precompile,65,0.795848
PedersenCommit,precompile,66,0.72544
PedersenCommit,precompile,67,0.980873
PedersenCommit,precompile,68,0.992972
PedersenCommit,precompile,69,0.868828
PedersenCommit,precompile,70,0.803198
PedersenCommit,precompile,71,0.880184
PedersenCommit,precompile,72,0.844006
PedersenCommit,precompile,73,1.080585
PedersenCommit,precompile,74,0.92483
PedersenCommit,precompile,75,0.937974
PedersenCommit,precompile,76,0.864915
PedersenCommit,precompile,77,0.795828
PedersenCommit,precompile,78,0.966478
PedersenCommit,precompile,79,0.968107
PedersenCommit,precompile,80,0.976006
PedersenCommit,precompile,81,1.085129
PedersenCommit,precompile,82,0.980742
PedersenCommit,precompile,83,0.787638
PedersenCommit,precompile,84,0.829187
PedersenCommit,precompile,85,0.88361
PedersenCommit,precompile,86,0.810652
PedersenCommit,precompile,87,0.750658
PedersenCommit,precompile,88,0.792939
PedersenCommit,precompile,89,0.756689
PedersenCommit,precompile,90,0.777353
PedersenCommit,precompile,91,0.897433
PedersenCommit,precompile,92,0.915505
PedersenCommit,precompile,93,0.956005
PedersenCommit,precompile,94,0.919579
PedersenCommit,precompile,95,0.743839
PedersenCommit,precompile,96,0.873107
PedersenCommit,precompile,97,0.854886
PedersenCommit,precompile,98,0.838329
PedersenCommit,precompile,99,0.762461
PedersenCommit,precompile,100,0.771573
SchnorrVerify,upgrade,1,176.414086
SchnorrVerify,upgrade,2,178.372603
SchnorrVerify,upgrade,3,179.740122
SchnorrVerify,upgrade,4,177.858835
SchnorrVerify,upgrade,5,177.330374
SchnorrVerify,upgrade,6,181.038217
SchnorrVerify,upgrade,7,187.710991
SchnorrVerify,upgrade,8,232.445871
SchnorrVerify,upgrade,9,186.292962
SchnorrVerify,upgrade,10,177.676764
SchnorrVerify,upgrade,11,194.843908
SchnorrVerify,upgrade,12,220.43777
SchnorrVerify,upgrade,13,248.162095
SchnorrVerify,upgrade,14,181.988224
SchnorrVerify,upgrade,15,204.047054
SchnorrVerify,upgrade,16,198.939432
SchnorrVerify,upgrade,17,180.504497
SchnorrVerify,upgrade,18,185.28241
SchnorrVerify,upgrade,19,179.768552
SchnorrVerify,upgrade,20,183.546139
SchnorrVerify,upgrade,21,183.842952
SchnorrVerify,upgrade,22,201.524595
SchnorrVerify,upgrade,23,184.964746
SchnorrVerify,upgrade,24,183.125679
SchnorrVerify,upgrade,25,184.628716
SchnorrVerify,upgrade,26,202.657731
SchnorrVerify,upgrade,27,180.638748
SchnorrVerify,upgrade,28,183.371594
SchnorrVerify,upgrade,29,183.200531
SchnorrVerify,upgrade,30,183.882017
SchnorrVerify,upgrade,31,180.251671
SchnorrVerify,upgrade,32,183.864673
SchnorrVerify,upgrade,33,201.018403
SchnorrVerify,upgrade,34,202.678139
SchnorrVerify,upgrade,35,187.661505
SchnorrVerify,upgrade,36,186.161191
SchnorrVerify,upgrade,37,215.351706
SchnorrVerify,upgrade,38,185.621115
SchnorrVerify,upgrade,39,228.316939
SchnorrVerify,upgrade,40,181.852706
SchnorrVerify,upgrade,41,187.642079
SchnorrVerify,upgrade,42,185.299162
SchnorrVerify,upgrade,43,183.524888
SchnorrVerify,upgrade,44,187.062006
SchnorrVerify,upgrade,45,182.222058
SchnorrVerify,upgrade,46,179.69345
SchnorrVerify,upgrade,47,177.861636
SchnorrVerify,upgrade,48,180.936087
SchnorrVerify,upgrade,49,201.131363
SchnorrVerify,upgrade,50,181.441374
SchnorrVerify,upgrade,51,180.762036
SchnorrVerify,upgrade,52,207.797744
SchnorrVerify,upgrade,53,192.033742
SchnorrVerify,upgrade,54,182.034392
SchnorrVerify,upgrade,55,178.324275
SchnorrVerify,upgrade,56,180.060072
SchnorrVerify,upgrade,57,182.964481
SchnorrVerify,upgrade,58,180.617302
SchnorrVerify,upgrade,59,177.679098
SchnorrVerify,upgrade,60,184.510552
SchnorrVerify,upgrade,61,187.066398
SchnorrVerify,upgrade,62,184.44628
SchnorrVerify,upgrade,63,182.960484
SchnorrVerify,upgrade,64,187.036433
SchnorrVerify,upgrade,65,179.602846
SchnorrVerify,upgrade,66,195.542681
SchnorrVerify,upgrade,67,198.202371
SchnorrVerify,upgrade,68,187.672285
SchnorrVerify,upgrade,69,182.109085
SchnorrVerify,upgrade,70,184.239596
SchnorrVerify,upgrade,71,181.339642
SchnorrVerify,upgrade,72,180.760709
SchnorrVerify,upgrade,73,200.252926
SchnorrVerify,upgrade,74,237.737357
SchnorrVerify,upgrade,75,200.50517
SchnorrVerify,upgrade,76,200.208929
SchnorrVerify,upgrade,77,199.46942
SchnorrVerify,upgrade,78,202.213771
SchnorrVerify,upgrade,79,182.116478
SchnorrVerify,upgrade,80,181.335964
SchnorrVerify,upgrade,81,180.052451
SchnorrVerify,upgrade,82,181.988175
SchnorrVerify,upgrade,83,180.962112
SchnorrVerify,upgrade,84,182.344006
SchnorrVerify,upgrade,85,183.340722
SchnorrVerify,upgrade,86,182.898075
SchnorrVerify,upgrade,87,179.971923
SchnorrVerify,upgrade,88,180.108004
SchnorrVerify,upgrade,89,180.353044
SchnorrVerify,upgrade,90,203.012135
SchnorrVerify,upgrade,91,183.170984
SchnorrVerify,upgrade,92,192.636108
SchnorrVerify,upgrade,93,181.075889
SchnorrVerify,upgrade,94,186.737499
SchnorrVerify,upgrade,95,183.725458
SchnorrVerify,upgrade,96,187.31949
SchnorrVerify,upgrade,97,180.700705
SchnorrVerify,upgrade,98,180.932566
SchnorrVerify,upgrade,99,180.917793
SchnorrVerify,upgrade,100,182.356765
SchnorrVerify,contract,1,7.357776
SchnorrVerify,contract,2,7.340653
SchnorrVerify,contract,3,6.828488
SchnorrVerify,contract,4,6.809262
SchnorrVerify,contract,5,8.481883
SchnorrVerify,contract,6,6.675617
SchnorrVerify,contract,7,6.774175
SchnorrVerify,contract,8,6.218099
SchnorrVerify,contract,9,7.499004
SchnorrVerify,contract,10,6.856853
SchnorrVerify,contract,11,6.643527
SchnorrVerify,contract,12,6.523338
SchnorrVerify,contract,13,6.478282
SchnorrVerify,contract,14,6.3589
SchnorrVerify,contract,15,7.098088
SchnorrVerify,contract,16,6.274114
SchnorrVerify,contract,17,6.426503
SchnorrVerify,contract,18,6.201557
SchnorrVerify,contract,19,6.607438
SchnorrVerify,contract,20,6.010898
SchnorrVerify,contract,21,6.389129
SchnorrVerify,contract,22,6.749409
SchnorrVerify,contract,23,6.35587
SchnorrVerify,contract,24,6.285705
SchnorrVerify,contract,25,6.045625
SchnorrVerify,contract,26,6.122697
SchnorrVerify,contract,27,5.970934
SchnorrVerify,contract,28,6.046485
SchnorrVerify,contract,29,6.252739
SchnorrVerify,contract,30,6.100314
SchnorrVerify,contract,31,6.694004
SchnorrVerify,contract,32,6.023266
SchnorrVerify,contract,33,6.873855
SchnorrVerify,contract,34,6.166239
SchnorrVerify,contract,35,6.539159
SchnorrVerify,contract,36,7.012758
SchnorrVerify,contract,37,5.695394
SchnorrVerify,contract,38,6.179945
SchnorrVerify,contract,39,6.053314
SchnorrVerify,contract,40,6.372181
SchnorrVerify,contract,41,6.11929
SchnorrVerify,contract,42,6.16647
SchnorrVerify,contract,43,6.37146
SchnorrVerify,contract,44,6.0309
SchnorrVerify,contract,45,6.724201
SchnorrVerify,contract,46,6.288545
SchnorrVerify,contract,47,6.686895
SchnorrVerify,contract,48,6.698652
SchnorrVerify,contract,49,6.653155
SchnorrVerify,contract,50,6.62951
SchnorrVerify,contract,51,5.981557
SchnorrVerify,contract,52,6.19839
SchnorrVerify,contract,53,6.36914
SchnorrVerify,contract,54,6.024976
SchnorrVerify,contract,55,6.029228
SchnorrVerify,contract,56,6.085716
SchnorrVerify,contract,57,6.194853
SchnorrVerify,contract,58,6.013329
SchnorrVerify,contract,59,5.771527
SchnorrVerify,contract,60,5.718698
SchnorrVerify,contract,61,6.325993
SchnorrVerify,contract,62,6.160007
SchnorrVerify,contract,63,6.399392
SchnorrVerify,contract,64,6.451522
SchnorrVerify,contract,65,6.590446
SchnorrVerify,contract,66,6.359076
SchnorrVerify,contract,67,6.39314
SchnorrVerify,contract,68,6.672913
SchnorrVerify,contract,69,6.665619
SchnorrVerify,contract,70,6.49787
SchnorrVerify,contract,71,6.090895
SchnorrVerify,contract,72,6.501518
SchnorrVerify,contract,73,6.439589
SchnorrVerify,contract,74,6.06706
SchnorrVerify,contract,75,5.992598
SchnorrVerify,contract,76,6.356131
SchnorrVerify,contract,77,6.179133
SchnorrVerify,contract,78,6.112041
SchnorrVerify,contract,79,6.377557
SchnorrVerify,contract,80,6.472411
SchnorrVerify,contract,81,6.564737
SchnorrVerify,contract,82,6.422219
SchnorrVerify,contract,83,6.728097
SchnorrVerify,contract,84,6.440276
SchnorrVerify,contract,85,6.370579
SchnorrVerify,contract,86,6.465588
SchnorrVerify,contract,87,6.438031
SchnorrVerify,contract,88,6.388968
SchnorrVerify,contract,89,6.225482
SchnorrVerify,contract,90,6.828528
SchnorrVerify,contract,91,6.112316
SchnorrVerify,contract,92,6.905164
SchnorrVerify,contract,93,7.187551
SchnorrVerify,contract,94,6.619542
SchnorrVerify,contract,95,6.294513
SchnorrVerify,contract,96,6.359186
SchnorrVerify,contract,97,6.507007
SchnorrVerify,contract,98,5.806835
SchnorrVerify,contract,99,6.421906
SchnorrVerify,contract,100,6.151927
SchnorrVerify,precompile,1,1.836153
SchnorrVerify,precompile,2,1.934609
SchnorrVerify,precompile,3,2.052754
SchnorrVerify,precompile,4,1.854978
SchnorrVerify,precompile,5,1.774144
SchnorrVerify,precompile,6,1.95571
SchnorrVerify,precompile,7,2.051352
SchnorrVerify,precompile,8,1.805134
SchnorrVerify,precompile,9,1.764496
SchnorrVerify,precompile,10,1.827967
SchnorrVerify,precompile,11,1.7979
SchnorrVerify,precompile,12,1.778934
SchnorrVerify,precompile,13,1.891007
SchnorrVerify,precompile,14,2.236464
SchnorrVerify,precompile,15,2.056074
SchnorrVerify,precompile,16,1.898938
SchnorrVerify,precompile,17,1.854933
SchnorrVerify,precompile,18,1.917102
SchnorrVerify,precompile,19,1.95005
SchnorrVerify,precompile,20,1.923088
SchnorrVerify,precompile,21,2.077481
SchnorrVerify,precompile,22,1.933087
SchnorrVerify,precompile,23,1.929199
SchnorrVerify,precompile,24,2.067998
SchnorrVerify,precompile,25,2.132171
SchnorrVerify,precompile,26,2.026404
SchnorrVerify,precompile,27,2.032781
SchnorrVerify,precompile,28,1.812883
SchnorrVerify,precompile,29,1.76645
SchnorrVerify,precompile,30,1.896708
SchnorrVerify,precompile,31,1.939419
SchnorrVerify,precompile,32,1.718729
SchnorrVerify,precompile,33,1.890686
SchnorrVerify,precompile,34,1.789094
SchnorrVerify,precompile,35,1.783573
SchnorrVerify,precompile,36,1.742596
SchnorrVerify,precompile,37,1.788321
SchnorrVerify,precompile,38,1.764466
SchnorrVerify,precompile,39,1.674034
SchnorrVerify,precompile,40,1.934684
SchnorrVerify,precompile,41,1.817416
SchnorrVerify,precompile,42,2.272389
SchnorrVerify,precompile,43,1.998841
SchnorrVerify,precompile,44,1.969237
SchnorrVerify,precompile,45,1.74549
SchnorrVerify,precompile,46,1.775618
SchnorrVerify,precompile,47,1.734333
SchnorrVerify,precompile,48,1.85061
SchnorrVerify,precompile,49,1.939209
SchnorrVerify,precompile,50,2.037877
SchnorrVerify,precompile,51,1.725118
SchnorrVerify,precompile,52,1.762122
SchnorrVerify,precompile,53,1.752623
SchnorrVerify,precompile,54,1.82372
SchnorrVerify,precompile,55,1.891963
SchnorrVerify,precompile,56,1.660254
SchnorrVerify,precompile,57,1.786132
SchnorrVerify,precompile,58,1.972478
SchnorrVerify,precompile,59,2.100179
SchnorrVerify,precompile,60,1.745426
SchnorrVerify,precompile,61,1.934981
SchnorrVerify,precompile,62,1.795835
SchnorrVerify,precompile,63,1.958716
SchnorrVerify,precompile,64,1.794984
SchnorrVerify,precompile,65,1.827526
SchnorrVerify,precompile,66,1.735757
SchnorrVerify,precompile,67,1.867218
SchnorrVerify,precompile,68,1.831337
SchnorrVerify,precompile,69,2.06584
SchnorrVerify,precompile,70,1.991764
SchnorrVerify,precompile,71,1.854602
SchnorrVerify,precompile,72,2.339206
SchnorrVerify,precompile,73,1.973072
SchnorrVerify,precompile,74,2.265339
SchnorrVerify,precompile,75,2.064368
SchnorrVerify,precompile,76,1.964787
SchnorrVerify,precompile,77,2.081329
SchnorrVerify,precompile,78,2.133358
SchnorrVerify,precompile,79,2.048737
SchnorrVerify,precompile,80,1.916746
SchnorrVerify,precompile,81,2.195586
SchnorrVerify,precompile,82,1.857257
SchnorrVerify,precompile,83,2.143944
SchnorrVerify,precompile,84,1.844649
SchnorrVerify,precompile,85,2.36868
SchnorrVerify,precompile,86,1.979591
SchnorrVerify,precompile,87,1.972282
SchnorrVerify,precompile,88,2.022678
SchnorrVerify,precompile,89,2.551353
SchnorrVerify,precompile,90,2.250772
SchnorrVerify,precompile,91,2.336368
SchnorrVerify,precompile,92,2.200651
SchnorrVerify,precompile,93,1.958455
SchnorrVerify,precompile,94,1.96113
SchnorrVerify,precompile,95,2.138778
SchnorrVerify,precompile,96,2.279446
SchnorrVerify,precompile,97,2.082736
SchnorrVerify,precompile,98,2.021615
SchnorrVerify,precompile,99,1.865715
SchnorrVerify,precompile,100,1.943997
